dir,remote,branch,commit
covid-vaccine-not-received,git@github.com:opensafely/covid-vaccine-not-received.git,main,df2a79c6aff196d1ec13116c3b840189e21984af
risk-prediction-research,git@github.com:opensafely/risk-prediction-research.git,master,f156ccec20399f8bc4e16ee5ca292a0325b6e55b
covid-collateral-research,git@github.com:opensafely/covid-collateral-research.git,main,0520f7c795beac8a612d2ff5f560c4a5e8c0e81e
gbd-estimates,git@github.com:opensafely/gbd-estimates.git,main,5626012d33823d7474cc2c256cf5046fe2e0a94f
LT-repeat-antimicrobial-prescribing,git@github.com:opensafely/LT-repeat-antimicrobial-prescribing.git,main,de254ab4f6a4d3ae2e70fd0e2bb7307979f335eb
winter-pressures-consequences,git@github.com:opensafely/winter-pressures-consequences.git,main,9d04a6bf4efd39baecf0bf20251c6fb8c5ca1878
post-covid-outcomes-research,git@github.com:opensafely/post-covid-outcomes-research.git,main,f3b58c7167659873c74fbc4694bbb542682711e2
booster-effectiveness,git@github.com:opensafely/booster-effectiveness.git,main,80cd1678d63a4354a44c9cb37f0eee5d3ab48486
inequalities-risk-factors-bloodstream-infections-IDAIRE-BSI,git@github.com:opensafely/inequalities-risk-factors-bloodstream-infections-IDAIRE-BSI.git,main,36e673d073caba623b5f12a72c72adc4749cfde1
ehrql-workflow,git@github.com:opensafely/ehrql-workflow.git,main,29bba0a6e44738a1b1dab4998cbead749981d688
hdruk-os-covid-paeds,git@github.com:opensafely/hdruk-os-covid-paeds.git,main,19e52d891545a4cf1d4db7bea8788e0e89862d98
antidepressant-prescribing-lda,git@github.com:opensafely/antidepressant-prescribing-lda.git,main,87245f1506f4c5d29817ca01854c6faa60de0c90
output-explorer-test-repo,git@github.com:opensafely/output-explorer-test-repo.git,master,7a6f60e8e74b9c93a9c6322b3151ee437fa4be61
post-admission-admissions-research,git@github.com:opensafely/post-admission-admissions-research.git,master,a8d12abcf75bfbb31c98b4d5f95fcf8eed063693
post-covid-gi-bleeds,git@github.com:opensafely/post-covid-gi-bleeds.git,main,9bb975ca438dc9a6b22b3a5f59f3c4a6ea99f90b
IMID-Zoster,git@github.com:opensafely/IMID-Zoster.git,main,eebffe20a2aee5e319b443a1a963e138d312bda6
post-covid-gastrointestinal,git@github.com:opensafely/post-covid-gastrointestinal.git,main,96326c47d6cbaa4ced748776dd1cf73cc2a2aaf8
post-covid-respiratory-incident-events,git@github.com:opensafely/post-covid-respiratory-incident-events.git,main,01e199c43d4b2570d3c62a79e3164f32a24f4868
curation-variables-library,git@github.com:opensafely/curation-variables-library.git,main,fddc6fb3479afa9ebcabf5badb6105d9ba4313bf
post-covid-vax-autoimmune,git@github.com:opensafely/post-covid-vax-autoimmune.git,main,5756bdf68a189c6f20c89726f69c9d34d017e040
therapeutics-data-exploration,git@github.com:opensafely/therapeutics-data-exploration.git,main,47a6d43c2d80181a38411858457d8d3bcd5c6f77
ons-cis-data-development,git@github.com:opensafely/ons-cis-data-development.git,main,37f8fcb5c0beeb2e85b3ed562f6e473662517301
databricks-test,git@github.com:opensafely/databricks-test.git,main,d5b4ac1ba207a02a429fffdbb060d0aacf94df96
amr-uom-brit-hosp_pred,https://github.com/opensafely/amr-uom-brit,hosp_pred,3f158471bf0f792ebcd318a9af20eb4ede8af8d8
antipsychotics-prescribing-during-COVID-19,git@github.com:opensafely/antipsychotics-prescribing-during-COVID-19.git,master,92565c4c74df7b31e24fbb64129131549f9b3e60
vaccine-effectiveness-hospital-admissions-validation,git@github.com:opensafely/vaccine-effectiveness-hospital-admissions-validation.git,master,d8bf693e9c0c23c432dc2a525b4358e571466e4d
amr-uom-brit-CC_outcome_3,https://github.com/opensafely/amr-uom-brit,CC_outcome_3,2cf46a6a9b1e02c0758a9a237ce0f50e1fa6835d
ethnicity-covid-3rd-wave,git@github.com:opensafely/ethnicity-covid-3rd-wave.git,master,84ee42ad2bc1dad0dbc7bd50f071af3a12f5c5fe
comparative-booster,git@github.com:opensafely/comparative-booster.git,main,bca54292baa80e967187ca28988d4897ae88aedc
pax-non-users,git@github.com:opensafely/pax-non-users.git,main,2dbf044472efdcfeb86f8fc2c8eea222e7eefe32
post-vax-ae-attendance,git@github.com:opensafely/post-vax-ae-attendance.git,main,59b0bce79c68df3ab766bf6bbae833f88e24990c
primis-codelist-prevalence,git@github.com:opensafely/primis-codelist-prevalence.git,master,26ef188f19e8a75328eafd8c6eb51eb9576e7b0d
os-demo-research,git@github.com:opensafely/os-demo-research.git,main,9b93f11a49f0f15fd89959cf9e69601fa6c54910
waning-ve-2dose-cancer,git@github.com:opensafely/waning-ve-2dose-cancer.git,main,6f2ffc93e85f1979334ab1dbafd28e11a24ab7a6
vaccine-rd-research,git@github.com:opensafely/vaccine-rd-research.git,main,0532b1affa27d1bb70f6ad795b016a520ec28716
research-template,git@github.com:opensafely/research-template.git,main,fb526f10f6d461c9b4bae87c365fc5a516901f50
highcostdrugs-research,git@github.com:opensafely/highcostdrugs-research.git,master,44523b8c052d5682d48d8492144c5ea387cef3e6
digital-access-to-primary-care,git@github.com:opensafely/digital-access-to-primary-care.git,main,891399e82ee17eb1143e808130fe669b1d2693ac
ethnicity-covid-research,git@github.com:opensafely/ethnicity-covid-research.git,main,769a66a7f8de6ddc6ad1d57cacc620d7583cd835
ehrql-demo,git@github.com:opensafely/ehrql-demo.git,main,dcff18b6acee9dcaa655a5bd1793de2e0c9cb5d8
release-process-test,git@github.com:opensafely/release-process-test.git,main,c0235ff951bf876aa45e936464acbb94a1366a36
amr-uom-brit-hosp_pred_baseline,https://github.com/opensafely/amr-uom-brit,hosp_pred_baseline,f4a836b060b5f96323e04f366a9421c2affc62ac
antibody-and-antiviral-deployment,git@github.com:opensafely/antibody-and-antiviral-deployment.git,main,6136fa43cd923a38e5fec06ec5ca966700c3d89a
tpp-patient-population,git@github.com:opensafely/tpp-patient-population.git,main,4548ba9f80eaa2d51477ceb125a2220740fb8719
SLE-Outcomes-OS,git@github.com:opensafely/SLE-Outcomes-OS.git,main,e890d315392331061528890931f781ddd1a84de6
COVID-19-vaccine-breakthrough,git@github.com:opensafely/COVID-19-vaccine-breakthrough.git,master,f0c4f7eb12e78b7b12404a6f7e1c1367dea6cf87
cambridge-multimorbidity-score,git@github.com:opensafely/cambridge-multimorbidity-score.git,main,6e08199ba7c2ed5fa2c54643f26c571b27f059c3
job-server-repo-tests,git@github.com:opensafely/job-server-repo-tests.git,master,c3a452a640c46a091a00a6b38a610a30615db088
covid-vaccine-effectiveness-research,git@github.com:opensafely/covid-vaccine-effectiveness-research.git,main,6d8b0e11d9f32732457ed73f969dd0bf291f1965
restoration-observatory-emis-research,git@github.com:opensafely/restoration-observatory-emis-research.git,master,1396d26fe496518b9bddf5c4ba5fb9044b4f6d4f
lockdown-and-vulnerable-groups,git@github.com:opensafely/lockdown-and-vulnerable-groups.git,main,a7bd5e7e3a0cd72ba3946631560e279ad114831c
households-research,git@github.com:opensafely/households-research.git,master,89cddf61b24b32bfb0b06c39bb4b4bf5638f3285
covid-therapeutics-notebook,git@github.com:opensafely/covid-therapeutics-notebook.git,main,ff6d3afa85fb0c4ccf172f995118f4d0067a87ed
amr-uom-brit-ab_rx_risk_based,https://github.com/opensafely/amr-uom-brit,ab_rx_risk_based,8199b6ed6b2d89d6a8a5b2da2cc7b47ef0655319
mechanical-valve-anticoag,git@github.com:opensafely/mechanical-valve-anticoag.git,master,1f158504ba5a74470b11c8d73311fb2859d67cb7
ethnicity-short-data-report-notebook,https://github.com/opensafely/ethnicity-short-data-report,notebook,1cac53d5d5afed7a14060a5c144e9e69129cacde
vaccine-characteristics-research,git@github.com:opensafely/vaccine-characteristics-research.git,master,030ad6c32e8c9c989433db25aff00d66d5949bbf
hh-classification-research,git@github.com:opensafely/hh-classification-research.git,master,a603874d6422e3e0fbc3c1484faa7c198f0f3e08
amr-uom-brit-CC_ML_hosp,https://github.com/opensafely/amr-uom-brit,CC_ML_hosp,d2baa1bdff6ad1f5a717a4f207e8952969268e67
mab-av-non-users-ccw-analysis,https://github.com/opensafely/mab-av-non-users,ccw-analysis,2a1236c14eed8107bbbac4c9c27e95eec3da157b
tpp-database-schema,git@github.com:opensafely/tpp-database-schema.git,main,0c7bf94ee3599ed3ffaf6202d33a4bd780a7808e
the-impact-of-covid-19-on-the-care-of-people-with-sickle-cell-disease-interactive,git@github.com:opensafely/the-impact-of-covid-19-on-the-care-of-people-with-sickle-cell-disease-interactive.git,main,7395891b891c1f9efbc8f0cdc4eb4b08009255df
surgery-research,git@github.com:opensafely/surgery-research.git,master,b4a9d80fd6bd545acebe4bd28a78be4fcff583a8
codelist-checks-test,git@github.com:opensafely/codelist-checks-test.git,main,2213e5fa147188fb41f0886aa0f6ec3093d53544
mab-av-non-users,git@github.com:opensafely/mab-av-non-users.git,main,91dd52cba97f61a833004fed33f5427f5304c77c
end-of-life-carequality,git@github.com:opensafely/end-of-life-carequality.git,main,e5f22f9ea0d8c042f1c69a13c8507ab81a62050d
amr-uom-brit-CC_outcome_3_sens,https://github.com/opensafely/amr-uom-brit,CC_outcome_3_sens,b576012e65091fc9a24e353792229a92ba0f5914
OS_OC_v001-research,git@github.com:opensafely/OS_OC_v001-research.git,master,0aa679033a00e96e142fd4b16920cd292800e62a
ckd-post-covid-outcomes,git@github.com:opensafely/ckd-post-covid-outcomes.git,main,ef9ac65006ce964d4d2c8aa5fb0682cc92977b30
long-covid-sick-notes,git@github.com:opensafely/long-covid-sick-notes.git,master,970152d7fca1e58b4fdce98c7fc31273be7b1375
nhs-covid-vaccination-coverage,git@github.com:opensafely/nhs-covid-vaccination-coverage.git,main,e5cb2e9edb0c8be2cd5d2bd60976c7075adef2da
os-sch-children-2021,git@github.com:opensafely/os-sch-children-2021.git,main,53857fa67e44f4cb8cc50bb23a319df2fac0dea4
carehomes-research,git@github.com:opensafely/carehomes-research.git,master,cb26e0eb1ba9e22ef70d8f72590b67eb79c86d13
neurosurg-referrals,git@github.com:opensafely/neurosurg-referrals.git,main,2aefad907881728d99479a3365fb6587065825fa
bmi-short-data-report,git@github.com:opensafely/bmi-short-data-report.git,main,787f125859f2f80b959bd8b7b43591554b4d1bd2
ckd-coverage-ve,git@github.com:opensafely/ckd-coverage-ve.git,main,760345055dc1d39a7480137cfaeeeee3bb688e7d
school-age-children-and-covid,git@github.com:opensafely/school-age-children-and-covid.git,master,6bdfe5ba28e99851916b1710c4313815faf74616
post-infection-outcomes,git@github.com:opensafely/post-infection-outcomes.git,main,69c4951cb97a7f0899c2067118db67169d507b61
bmi-short-data-report-separate-study-definitions,https://github.com/opensafely/bmi-short-data-report,separate-study-definitions,0a0fd68a6d713785dd36f5d44390ffe50027dadc
pincer-measures-change-detection,git@github.com:opensafely/pincer-measures-change-detection.git,main,ef802b96058d35360b2d7e61b3ae56d27933d377
covid-vaccine-effectiveness-sequential-vs-single,git@github.com:opensafely/covid-vaccine-effectiveness-sequential-vs-single.git,main,46c1314fe25b17d3e04d355e832e853b1464b531
ve-ccw,git@github.com:opensafely/ve-ccw.git,main,74d2a8f73f60edde4f759dc537b1da4281c7af67
covid-aki-outcomes,git@github.com:opensafely/covid-aki-outcomes.git,main,705471d3331074926d525aefeb80d92447f2eed4
winter-pressures,git@github.com:opensafely/winter-pressures.git,main,cf66ad0b42b29e6db0bdf20154b6a7cd078f184d
amr-uom-brit-sepsis,https://github.com/opensafely/amr-uom-brit,sepsis,359cd39424490accb0fff4e66110fccf23aade8a
dfms-covid19-new,git@github.com:opensafely/dfms-covid19-new.git,main,bafd9a0b790bfa7697b3d9f2fbfebd3f39634ed5
test-point-and-click,git@github.com:opensafely/test-point-and-click.git,main,ff2f6647ade46603fa6744cfb3e5bd522a85dd66
reusable-variables,git@github.com:opensafely/reusable-variables.git,main,dd18d9c3889c8424852912c769935c919471a9d9
vaccine-counts,git@github.com:opensafely/vaccine-counts.git,main,ebbb74c95f5589977a9284dd156ad5e4be11e64c
data-notebooks-andrea,git@github.com:opensafely/data-notebooks-andrea.git,main,f4f5d815151a20693659eb746536ee7d1e7c259d
sro-measures-demo,git@github.com:opensafely/sro-measures-demo.git,main,984e8f35c4f78d2241471993ad22ed1a68496b5d
principle-inhaler-uptake,git@github.com:opensafely/principle-inhaler-uptake.git,main,d353d565677733775374f2e169c318b581f40aca
SGTF-Omi-research,git@github.com:opensafely/SGTF-Omi-research.git,main,5c7d9cf3838d27c6cc1ac673901a64cc57a7877a
sotrovimab-and-molnupiravir,git@github.com:opensafely/sotrovimab-and-molnupiravir.git,main,d2098bfe8259449eb1cee5cde78e8ab0fbfe3e20
post-covid-bristol,git@github.com:opensafely/post-covid-bristol.git,main,47ddcf1ec481667533af55660bb83eab0a4d2b83
reduce-hf,git@github.com:opensafely/reduce-hf.git,main,df670d1346b6e5b010fbb16037d3fd7567860c27
test-age-distribution,git@github.com:opensafely/test-age-distribution.git,main,d267c6d9841da2791a1a44e7384bd5ccfc832b92
amr-uom-brit,git@github.com:opensafely/amr-uom-brit.git,main,59ef7ca778d4971d98d7c1f39f6ac3269f8b3645
surg-covid-safely,git@github.com:opensafely/surg-covid-safely.git,main,1cad9fb3db9732a8483f1f3b2a57980b5504f31f
with-gp-consultations-curation,git@github.com:opensafely/with-gp-consultations-curation.git,main,e100cd90bd353ad2de43748c654c16e04cc3aec1
carehomes-mortality-research,git@github.com:opensafely/carehomes-mortality-research.git,master,9ffaa2db82067d5cc5f3a61fda9ae941dcfe9e32
unknown-codes-investigation,git@github.com:opensafely/unknown-codes-investigation.git,main,8f87207b387051b73c0cc896080d0878b87e4cef
tpp-database-categorical-columns,git@github.com:opensafely/tpp-database-categorical-columns.git,main,fd18e0ce5836b5276fcd9fdfae5b8fdbee71cfbf
long-covid-risk-factors-and-prediction,git@github.com:opensafely/long-covid-risk-factors-and-prediction.git,main,b405cf5ed235b436eed9899f79142812ba96c320
anticoagulants-research,git@github.com:opensafely/anticoagulants-research.git,master,cd38ff3f94944f53e2e864f5df6f0b0e6fd904a2
covid-vs-noncovid-deaths-research,git@github.com:opensafely/covid-vs-noncovid-deaths-research.git,master,99d9a2c191a2397156f3f5ba698e20e08b26e333
comparative-booster-spring2023,git@github.com:opensafely/comparative-booster-spring2023.git,main,decf6c3cda5a704615091ac4874377bc202d83fa
oral-anticoagulant-covid,git@github.com:opensafely/oral-anticoagulant-covid.git,main,f44a4134efe1176c25f1f8ac8d806a94a7881134
first-coding-task,git@github.com:opensafely/first-coding-task.git,main,8a64accea2c05f7e9c577fd45fe34a49148a84fa
post-covid-unvaccinated,git@github.com:opensafely/post-covid-unvaccinated.git,main,4a5eed5a6c5913e44de8dc1a3403232c99974b9b
population-outcomes-burden-research,git@github.com:opensafely/population-outcomes-burden-research.git,master,5dda0a106bfd017a691a9dc678892e8d00b33e0b
dataset-definition-testing-examples,git@github.com:opensafely/dataset-definition-testing-examples.git,main,88cdea8ae88c08f9ce9b4f112a8603277440f635
covid-vaccine-effectiveness-research-positivity,https://github.com/opensafely/covid-vaccine-effectiveness-research,positivity,23eced2ef78f686fb18181abc68af71ba6b57e80
post-covid-pre-vaccinated-cardiovascular,git@github.com:opensafely/post-covid-pre-vaccinated-cardiovascular.git,main,43db56f5a98c7aff401f192ce89ef50b9b80e7dc
antibiotic-prescribing,git@github.com:opensafely/antibiotic-prescribing.git,main,87de60f9b34eaba87bc83949a48f1a866bdd9805
neurosurgery-referrals,git@github.com:opensafely/neurosurgery-referrals.git,main,dac83cd0378a8bef305730f0541ef2b45905a146
dfms-covid19,git@github.com:opensafely/dfms-covid19.git,main,79e0ff6e82c7879eb70eb2d15239cb2b7bb3233a
openprompt-cohort-profile,git@github.com:opensafely/openprompt-cohort-profile.git,main,90d44ee26d30cd6c20b040721149719623c787be
amr-uom-brit-service_evaluation,https://github.com/opensafely/amr-uom-brit,service_evaluation,95b8ac1d186ff90bc9e2851d6d7ed37c0cec175b
rct-test,git@github.com:opensafely/rct-test.git,main,8b5267ce6b1faf54db73e5f6146cc5830b3d9ae6
polypharmacy-deprescribing-dementia,git@github.com:opensafely/polypharmacy-deprescribing-dementia.git,main,d4613674d9dc54e83ddcb514719c3ff68568e0b1
comparative-ve-research,git@github.com:opensafely/comparative-ve-research.git,main,cf3118545d18a5777dc43d153a6261bd68de56bd
vaccine-neuro-cohort,git@github.com:opensafely/vaccine-neuro-cohort.git,main,b3a8ee640055aa99b4cafc2ed2a7d1ec2afeccfd
covid19-vaccine-uptake-ethnicity-imd,git@github.com:opensafely/covid19-vaccine-uptake-ethnicity-imd.git,main,bccd0422052889532317e9af42e473e47d06fa76
amr-uom-brit-broad_ITS,https://github.com/opensafely/amr-uom-brit,broad_ITS,3c4c568febaf967861813f5ee6027a81dfb802e4
post-covid-diabetes,git@github.com:opensafely/post-covid-diabetes.git,main,fc4a5a9ffa831f47ab25f253f29f5cd4d04b5d76
date-window-test,git@github.com:opensafely/date-window-test.git,main,85a02099a0c92cc46445387f7e803f09cd091a91
post-covid-neurodegenerative,git@github.com:opensafely/post-covid-neurodegenerative.git,main,be22f3d9a09f9784a563a0ffb3027edea15a70d1
post-covid-cvd-methods,git@github.com:opensafely/post-covid-cvd-methods.git,main,c8e7f2117664a3f7d6ca0eaeeb91b96eb57a6155
vit-d-trends,git@github.com:opensafely/vit-d-trends.git,main,8f38e6d99c94abdfdde45d4b2549202785b3e827
emis-qa,git@github.com:opensafely/emis-qa.git,main,0b4951409dfbefdb07fdc0c81ac8a37da458c553
hypertension-sro,git@github.com:opensafely/hypertension-sro.git,main,743c24a75546a68aceef3d6b286c2d46839d94a5
post-vax-outcomes-report,git@github.com:opensafely/post-vax-outcomes-report.git,master,99707f97cf50a022ded4ab561a2dc431759d653d
risk-prediction-research-archive,git@github.com:opensafely/risk-prediction-research-archive.git,master,74e017ca626eee0fc0d951c383486ff0907f4a07
post-covid-cvd-methods-redux,git@github.com:opensafely/post-covid-cvd-methods-redux.git,main,cc839e47f712d76dd7e2b4a27a083a07355df122
action-test-research,git@github.com:opensafely/action-test-research.git,master,667ac46294cc462c72926e2275798defde849fb4
waning-ve-3dose,git@github.com:opensafely/waning-ve-3dose.git,main,9251d8a6f64dffdc8a4a7705abf668db0c0bedc7
raw-data-plausibility-checks,git@github.com:opensafely/raw-data-plausibility-checks.git,master,10b21430fa8b96beca1477e0190c6bbc7edabed7
booster-effectiveness-autumn-2022,git@github.com:opensafely/booster-effectiveness-autumn-2022.git,main,4d2989d18987a05c42eca50388f8a1faf4584af0
long-covid,git@github.com:opensafely/long-covid.git,main,d44629d020e2687171264d6b42bb81a6aa92f07e
amr-uom-brit-hospitalisation_rate,https://github.com/opensafely/amr-uom-brit,hospitalisation_rate,efbfe864684aaa582146e7661645ced961d52d2e
Safety-Sotrovimab-Paxlovid-Molnupiravir,git@github.com:opensafely/Safety-Sotrovimab-Paxlovid-Molnupiravir.git,main,86fca94662b39af7702fcf3304e2d5d3024702fa
Factors-associated-with-COVID-19-vaccination,git@github.com:opensafely/Factors-associated-with-COVID-19-vaccination.git,master,969dbbe4c58e7c7391acf7c97f61fcab307b362e
pregnancy-vaccine-safety,git@github.com:opensafely/pregnancy-vaccine-safety.git,main,c750c035d8f9b04c4bd5e9ea3c86bfab971ee268
tpp-dmd-checks,git@github.com:opensafely/tpp-dmd-checks.git,main,5e87bf0a5c886aeac7229101b06ba690025267f9
second-line-diabetes-covid-research,git@github.com:opensafely/second-line-diabetes-covid-research.git,master,47ae0f6196864a320e104fde108ee2939469e7ed
isaric-exploration,git@github.com:opensafely/isaric-exploration.git,main,63b23df6f85df8991cf38a01afd73d90e59c490c
covid-diabetes-outcomes,git@github.com:opensafely/covid-diabetes-outcomes.git,main,c5709a188614456e6994a786b503fd0de1756454
opioids-covid-research,git@github.com:opensafely/opioids-covid-research.git,main,0e45b0d3cfc0a4ccb418fd9ce63ffdf79ca41a99
dmd-codelist-report,git@github.com:opensafely/dmd-codelist-report.git,main,63873cee825d0cce8bee05a48f3b87b8fe292590
airmid-data-development,git@github.com:opensafely/airmid-data-development.git,main,5b29a5360353edb1b1a431bd2d1398c9b4ea47e9
ethnicity-2021-update,git@github.com:opensafely/ethnicity-2021-update.git,main,9306929245db636abb6b06d03d426b37cc2df566
doacs-covid19,git@github.com:opensafely/doacs-covid19.git,main,ae18c5a0df9b813c6abe5b8ad4021814733edcf9
covid-diabetes-care,git@github.com:opensafely/covid-diabetes-care.git,main,d78d87bbba2bd006148aaadd4c1a8e6ba6783103
covid-vaccine-effectiveness-seqtrial,git@github.com:opensafely/covid-vaccine-effectiveness-seqtrial.git,main,93a62e9ab68479ee9dc70a295f75525df161521e
households-research-archive,git@github.com:opensafely/households-research-archive.git,master,ae4a5cdc701a9286e2c8c0654db97d393492c3b8
post-covid-autoimmune-Explore_study_def,https://github.com/opensafely/post-covid-autoimmune,Explore_study_def,c77cf9c4940f8e6fea5d5019298b4d16d4c3b94f
rapid-reports,git@github.com:opensafely/rapid-reports.git,master,0d8c5881ca18df19d92507ebf7a8ed9009907d5f
non-specific-immunity-research,git@github.com:opensafely/non-specific-immunity-research.git,master,36668fbaa2c96ae690d3906dc4ba733d4168dfde
open-pathology-sdr,git@github.com:opensafely/open-pathology-sdr.git,main,11995f3abdccf7d7d94c479244ac470003144a86
appointments-short-data-report,git@github.com:opensafely/appointments-short-data-report.git,main,6691bdf156847ab3d2a4a6fd0e155042807b5f1a
benbc-test,git@github.com:opensafely/benbc-test.git,master,fcdd761c0b7863512550e61b79431585cef84a6d
post-covid-cvd,git@github.com:opensafely/post-covid-cvd.git,main,319569889629f5d5476754851e0762a0ff1500cd
covid-vaccine-safety-research,git@github.com:opensafely/covid-vaccine-safety-research.git,master,0f8f4c8be8c5a26f68c8be7d5af0358ad529a907
carehomes-short-data-report,git@github.com:opensafely/carehomes-short-data-report.git,master,2b989cd3ea10d290d4981969629f7d4102bf590e
the-impact-of-covid-19-on-prescribing-of-antimicrobials-interactive,git@github.com:opensafely/the-impact-of-covid-19-on-prescribing-of-antimicrobials-interactive.git,main,95b70f8f4b3d91746985ebb41fac94b5a0deab96
post-covid-mentalhealth,git@github.com:opensafely/post-covid-mentalhealth.git,main,ddb50bd8fc9e4e1a9855dc9f9a03991487c908aa
cis-pop-validation-ehrql,git@github.com:opensafely/cis-pop-validation-ehrql.git,main,cce4f0bfaffa5370b00f847fbcfe742c7a13aeeb
BMI-and-Metabolic-Markers,git@github.com:opensafely/BMI-and-Metabolic-Markers.git,main,7f87448b96470e7ab1c5019ef38245a5afb13590
amr-uom-brit-ab_sideeffect_2,https://github.com/opensafely/amr-uom-brit,ab_sideeffect_2,fc72349628b6b5c02e85f31988503b596ae85b48
late-covid-vaccine-uptake,git@github.com:opensafely/late-covid-vaccine-uptake.git,main,663886add84626a359bf1cf27d13657a338a8ce5
covid-risk-immunocompromised,git@github.com:opensafely/covid-risk-immunocompromised.git,main,eabdfb61787df46190b37740d76e98aef20a6591
amr-uom-brit-CC_outcome_2,https://github.com/opensafely/amr-uom-brit,CC_outcome_2,24deb32461e2d6c40064be205a59c36be06bf59b
vaccine-effectiveness-in-kids,git@github.com:opensafely/vaccine-effectiveness-in-kids.git,main,f851f58046d6b1e9051b115a79777cdbe90e17a9
paxlovid-test,git@github.com:opensafely/paxlovid-test.git,main,79a6ae7067a59084f45ad12f12ee685993e3eb8b
covid-ve-change-over-time,git@github.com:opensafely/covid-ve-change-over-time.git,define-covs-at-svp,33696ec8ee829f85d2faa69997501cb149ccf478
dq-investigation-sus-acps-numbers,git@github.com:opensafely/dq-investigation-sus-acps-numbers.git,main,b571042a82669cb3c989d7181908ccc1f49a1b44
amr-uom-brit-ab_sideeffect,https://github.com/opensafely/amr-uom-brit,ab_sideeffect,53a43529a865f052ac9ccca35cd7369b6f677e12
ethnicity-short-data-report,git@github.com:opensafely/ethnicity-short-data-report.git,main,4077ecde1563a756849d1afe1c6fc203cd21bc31
statins-covid,git@github.com:opensafely/statins-covid.git,main,6745d7584b719ed832ec9790952e06fbbf0fac69
emis-smoke-tests,git@github.com:opensafely/emis-smoke-tests.git,master,4f4f2b9df3abccc5fe0c214f1abdf102d172b4cf
Paxlovid-and-sotrovimab,git@github.com:opensafely/Paxlovid-and-sotrovimab.git,main,46ea10f5358a42207c889d638df2bf19f9dc913a
med-safety-PoC,git@github.com:opensafely/med-safety-PoC.git,main,346d32bab9cc337f9befadbac5271a1da549c7f1
pharmacy-first,git@github.com:opensafely/pharmacy-first.git,main,4ebf74aad247fea7facbaa80f9c38c1d2447fa00
post-covid-autoimmune,git@github.com:opensafely/post-covid-autoimmune.git,main,8d7f8d7c61895742b618b01ebc54fadedccc4744
school-age-children-and-covid2,git@github.com:opensafely/school-age-children-and-covid2.git,master,c48741a1b0538b4ed23473a1a108f52f01c748a6
diamorphine-blank-code-check,git@github.com:opensafely/diamorphine-blank-code-check.git,main,835ba22e599387aad20741b68b94c30209492728
HbA1c-levels,git@github.com:opensafely/HbA1c-levels.git,master,e067d55e9564bc85d5204cee297e829adeb8e460
SRO-smr,git@github.com:opensafely/SRO-smr.git,master,d06a0e8197f0894922abacf2c1e4dbc3918d56dc
amr-uom-brit-ab_covid_rf,https://github.com/opensafely/amr-uom-brit,ab_covid_rf,19879375de629cf37cf6671f3789062e1d20c433
gitpod-test,git@github.com:opensafely/gitpod-test.git,main,af98a1df85d0e0d5224e09bd290b6343a40bca5b
covid-vaccine-declined-variation,git@github.com:opensafely/covid-vaccine-declined-variation.git,master,1181a17d589ec3c8392c02169e57e9943ef3a578
covid-mortality-immuno,git@github.com:opensafely/covid-mortality-immuno.git,main,e0db0f7764e412a5d1c357a7cef427f3e2a298c9
OS_VidGroupClinic_v001-research,git@github.com:opensafely/OS_VidGroupClinic_v001-research.git,master,98b51720201455fa7f3e6299510e9febb28e37ab
waning-ve-2dose-1year,git@github.com:opensafely/waning-ve-2dose-1year.git,main,042d5d255fb1e8abefe7e6dfad730e2410562183
Uptake-of-NHS-home-interventions-during-COVID-19,git@github.com:opensafely/Uptake-of-NHS-home-interventions-during-COVID-19.git,main,e20b4537d409239ea904e1b96cd8e445a7f8cdeb
imd-breakdown,git@github.com:opensafely/imd-breakdown.git,master,1328cd4ce3807b727aaa9642a00239018babe3f1
post-covid-respiratory,git@github.com:opensafely/post-covid-respiratory.git,main,022c626a653db401b95bfb514c7145f489b22cf7
qof-utilities,git@github.com:opensafely/qof-utilities.git,main,eef207d16f38ebd862f7311f5b591150623b607e
pincer-measures,git@github.com:opensafely/pincer-measures.git,main,2e1589432d5ae2a9ac7d9b3bfecaae7db909776e
vax-fourth-dose-RD,git@github.com:opensafely/vax-fourth-dose-RD.git,main,43bcfac72d28aa1f8ea9eee6cd23715b66fa7f7e
vaccine-eligibility,git@github.com:opensafely/vaccine-eligibility.git,master,d5db71969c0601e8422b3b22e04f2b2c029eee86
custom-medication-dictionary-test,git@github.com:opensafely/custom-medication-dictionary-test.git,main,b2275ff487cbab7bb9a0641f86cbe675766b3255
SGTF-CFR-research,git@github.com:opensafely/SGTF-CFR-research.git,master,4163e86b22b9a7056476db57ab8f88d37a1f65a7
carehome-noncarehome-death-research,git@github.com:opensafely/carehome-noncarehome-death-research.git,master,6bbc158cabd0d8903b42b8a321d1feddd6acf17d
nhsx-demo,git@github.com:opensafely/nhsx-demo.git,main,0c78385e433ddc8a541427ba5cc9b6f8a8a851a3
feather-to-dta,git@github.com:opensafely/feather-to-dta.git,main,f424239d734959e54770e4893c38464a2f8e1ee8
database-notebooks,git@github.com:opensafely/database-notebooks.git,master,656d1b6bc77d749238f7bbf6ed8b2e66fab9b18d
long-covid-symptoms,git@github.com:opensafely/long-covid-symptoms.git,master,b1a38bc33acdc5609e8378571d239ccbc1fec511
waiting-list,git@github.com:opensafely/waiting-list.git,main,e06d40fb588c7a66fd51f8953b43f2f423822575
vaccination-names,git@github.com:opensafely/vaccination-names.git,main,789f1c7c51bd66faa9c355f1a3fbe96263604c99
post-covid-kidney-outcomes,git@github.com:opensafely/post-covid-kidney-outcomes.git,main,f8d18938ee5aa784bc6e0592f8b5311db9e93054
pifu-data-exploration,git@github.com:opensafely/pifu-data-exploration.git,main,3097f6654991a160bcb56affd44e889d9fb1b68c
pathology-comparators-short-report,git@github.com:opensafely/pathology-comparators-short-report.git,master,bd9cd700c912f15d6fa33190e030f95aec2cb0ad
pharmacy-first-data-development,git@github.com:opensafely/pharmacy-first-data-development.git,main,8292eaa8743e474c2112a2ce03c0519264ef0271
THIN-CID,git@github.com:opensafely/THIN-CID.git,main,38fab3b8f52d30b6cbf903c6a93f7168e0fe7017
NICE-audit-lipids,git@github.com:opensafely/NICE-audit-lipids.git,main,77d3573fe5c4734b461ba5b328adf84496b4131f
blood-pressure-sro,git@github.com:opensafely/blood-pressure-sro.git,main,2a58a100730ee4f2b5c51642a44bad51ba0e10ae
long-covid-diagnosis-interval,git@github.com:opensafely/long-covid-diagnosis-interval.git,main,4c432e7de8fa9868b811c03b981fb17f7e1a9839
ADHD-Pre-and-Post-Covid,git@github.com:opensafely/ADHD-Pre-and-Post-Covid.git,main,deea8462d4e7ad69ed2bf3d89ee1b31c336056ea
SRO-PULSE-OXIMETRY-UPD,git@github.com:opensafely/SRO-PULSE-OXIMETRY-UPD.git,master,755b4ca01c7b964bae0f64acd3c3f87a6ff49c9e
JAKi-hosp,git@github.com:opensafely/JAKi-hosp.git,main,c99cabb85bf38b102902339f44d0534f1c40535d
blank-dmd-investigation,git@github.com:opensafely/blank-dmd-investigation.git,main,4b3689c86ba91e80235904c466be9f17c18da099
dummy-data-workshop,git@github.com:opensafely/dummy-data-workshop.git,main,1bb88e02c51757c3904b053867394a3fb559e1d2
SRO-pulse-oximetry,git@github.com:opensafely/SRO-pulse-oximetry.git,master,3bab1d415336338ff25f5462023af8c56b8fa7d3
post-covid-renal,git@github.com:opensafely/post-covid-renal.git,main,38ea1a98517a075ee0b2b048effc5348bfc1da8d
tpp-database-import-dates,git@github.com:opensafely/tpp-database-import-dates.git,main,9e4c806140394e4b3e58afbdf0c23d40f88ee0d0
vte-diagnoses-and-deaths,git@github.com:opensafely/vte-diagnoses-and-deaths.git,main,67bee1ad3220ecd26369498ced8d1d55f3732a2c
opioids-data-curation,git@github.com:opensafely/opioids-data-curation.git,main,7078e61ca8962ffcac8073f24786c063cb9e9ae6
openprompt-vaccine-long-covid,git@github.com:opensafely/openprompt-vaccine-long-covid.git,main,8ff300a62cbaeb704c10c7aa7830aa1b6438236c
covid-vaccine-history,git@github.com:opensafely/covid-vaccine-history.git,main,f73ba9a6e29f3acc9de4155cd2b8fe12e3c45f66
post-covid-vaccinated,git@github.com:opensafely/post-covid-vaccinated.git,main,145aa57cd9b098fc325fff1c5d6a64078eaf07ac
sro-gastro,git@github.com:opensafely/sro-gastro.git,main,5cdadc405d9aa95dee4c7dcfcc0d3562b87f7ae5
Shared-Care-Monitoring,git@github.com:opensafely/Shared-Care-Monitoring.git,main,2b4ce72810d9e9f5839aacc2077dabadc02e6676
gh-testing-research,git@github.com:opensafely/gh-testing-research.git,main,f5b9233ff1327fb12aa08bffe6d14bbe893b3f4c
covid-vaccine-research-template,git@github.com:opensafely/covid-vaccine-research-template.git,main,08c6ef10606a24cf1e1fa385a599e761581a8ed2
tpp-database-history,git@github.com:opensafely/tpp-database-history.git,main,a52b9517c2cd43e95231b0c8ccaddcfc525e269e
doacs-covid19-new,git@github.com:opensafely/doacs-covid19-new.git,main,37de7381c20e0e496ec5781aa473d708eb9b9b2d
CIS-person-validation,git@github.com:opensafely/CIS-person-validation.git,main,e37f14e5d9f1de8e14fe05aa63e0bec96676348c
ehrql-test-study,git@github.com:opensafely/ehrql-test-study.git,main,07d5f283bb66f52a49933b016cf8dc144cfc7180
covid-vaccine-preliminary-uptake-study,git@github.com:opensafely/covid-vaccine-preliminary-uptake-study.git,master,28c8a39ce03bc7273979c3dd81b8f0364e3399e6
qof-diabetes,git@github.com:opensafely/qof-diabetes.git,main,c2293619c2971493b11dfdc3e47c5978ffb44b4f
antimicrobial-stewardship,git@github.com:opensafely/antimicrobial-stewardship.git,master,9b8b546d75affaaf6ead847975f65d6e9c448342
households-short-data-report,git@github.com:opensafely/households-short-data-report.git,main,ef399badfb7af645baee455e7a4b395ef490f174
COMPARES-vaccines,git@github.com:opensafely/COMPARES-vaccines.git,main,039edee8b11a213708771468683b52cf93192ba3
hospital-disruption-research,git@github.com:opensafely/hospital-disruption-research.git,master,33fe4e4f7fb50bc93ccb4b6860ef0ead7cc8fd10
early-inflammatory-arthritis,git@github.com:opensafely/early-inflammatory-arthritis.git,main,069e61712fcc9a0c2ec2804ff36a9b773073291c
tpp-ctv3,git@github.com:opensafely/tpp-ctv3.git,main,a082fd8230c1342de72dde12d3b10e4b50439a73
openprompt-hrqol,git@github.com:opensafely/openprompt-hrqol.git,main,71f904943e31bb620716e37699b8026f434de2a0
open-pathology-sdr-clinical-events,https://github.com/opensafely/open-pathology-sdr,clinical-events,c46b522a9edfdc6040939c8e7d90ee9d0664f5ea
CIS-pop-validation,git@github.com:opensafely/CIS-pop-validation.git,main,7708d17c24891c8992ccf9bba0f221fd9eed1122
NICE-audit-BP,git@github.com:opensafely/NICE-audit-BP.git,main,d643dba5cbc542aee132bddb7bae9f672d54ae61
covid-vaccine-neuro-research,git@github.com:opensafely/covid-vaccine-neuro-research.git,main,2168bed1ca10e8d0aa7f22d48d15ce2a82aaa605
ckd-healthcare-use,git@github.com:opensafely/ckd-healthcare-use.git,main,3f49d610b1077997caefdeb5d252153beb39cb31
diamorphine-counts,git@github.com:opensafely/diamorphine-counts.git,main,8591ebdb4dff724c6966c2a7ca8acbf7acaa07c2
vaccination-data-quality,git@github.com:opensafely/vaccination-data-quality.git,main,82d132d034fff5a85b4dcbbd76513ce49c8f98fb
disparities-comparison,git@github.com:opensafely/disparities-comparison.git,main,94ad98582fd3604d75c359145160947c4f31a9ac
absolute-risks-covid-research,git@github.com:opensafely/absolute-risks-covid-research.git,master,3dfcaf385a0b3861daa733879e20e976fa83a5d8
immunosuppressant-meds-research,git@github.com:opensafely/immunosuppressant-meds-research.git,master,53795269ec5a4cecb65e160652c034808379e4c3
renal-short-data-report,git@github.com:opensafely/renal-short-data-report.git,main,acefdadf580c3179e0446a1c51b38a712bcd78ad
glp1-prescribing,git@github.com:opensafely/glp1-prescribing.git,main,21f3571f15c1a98e0ede58c02a19fe88b6707755
medication-reviews,git@github.com:opensafely/medication-reviews.git,main,055debcf05445195d135fdd9825a440e5d58dd3c
death-report,git@github.com:opensafely/death-report.git,main,87bb6fdf5c17ab50b20013a1d6eab0562bc2222a
covid19-vaccine-coverage-tpp-emis,git@github.com:opensafely/covid19-vaccine-coverage-tpp-emis.git,master,5b7c48629d2696787aed5c30d048f6cc2d88c5b0
amr-uom-brit-ae_prediction,https://github.com/opensafely/amr-uom-brit,ae_prediction,260abf5bf7f765b0bdfe43b97e595969bfee97c9
amr-uom-brit-CC_ML,https://github.com/opensafely/amr-uom-brit,CC_ML,cf325b000253937e99201a01cf24451c3a51bad8
nhse-gp-data,git@github.com:opensafely/nhse-gp-data.git,main,e47bb1293772af90fa6616233542f1057a6b4c05
sodium-valproate-prescribing,git@github.com:opensafely/sodium-valproate-prescribing.git,main,f62aa644363d82aac1801d42d97a6267ff4abb7d
surgical-site-infections,git@github.com:opensafely/surgical-site-infections.git,main,691beb4b3b86be767fd2aa911d5501d40eb712f1
opensafely-internal-interactive,git@github.com:opensafely/opensafely-internal-interactive.git,main,fc3252e2de8d41cc84141e06e817444c16c9656c
Ethnicity-2nd-wave,git@github.com:opensafely/Ethnicity-2nd-wave.git,master,994698492f7f0d6328a40469eeebeef6dc367e3d
primary-care-covid-codes-research,git@github.com:opensafely/primary-care-covid-codes-research.git,master,f913c6aa36007b487ab7b00f02d20908c59d7985
deaths-at-home-covid19,git@github.com:opensafely/deaths-at-home-covid19.git,main,b0cf90c1b75d5ae0f933c02f5b4e464767f02d35
shielding-evaluation,git@github.com:opensafely/shielding-evaluation.git,main,9a027b9949f29ad9fcbef1e74570c7a9f5269a24
SGTF-617-research,git@github.com:opensafely/SGTF-617-research.git,master,cceda0b64a1aff3ac5bde9d366254fa08a2897f6
suicide-deaths-pcc,git@github.com:opensafely/suicide-deaths-pcc.git,main,499c2858982e10bcc2a6a1ab66f195e38a4e10a7
winter-pressures-phase-II,git@github.com:opensafely/winter-pressures-phase-II.git,main,fe62ae148c9744edb173225dd86a29ae35a4210b
drug-monitoring-sro,git@github.com:opensafely/drug-monitoring-sro.git,master,a325f19f4f2e64ef27c81547272e0e82eff3828f
covid-unvaccinated-aimpaper,git@github.com:opensafely/covid-unvaccinated-aimpaper.git,main,2836dddb762e4f4927334e75392ee0e7f66c41c4
vaccine-effectiveness-3dose,git@github.com:opensafely/vaccine-effectiveness-3dose.git,main,bc11c10567e3337f8e78c9208939cf6da32ed0b6
sro-template,git@github.com:opensafely/sro-template.git,master,34239692c7cd0ac8992f4c1205255c1f23e5c619
open-pathology,git@github.com:opensafely/open-pathology.git,main,8b5200d764b4133cafb52ff4b3d853c384364f53
vaccine-effectiveness-4dose,git@github.com:opensafely/vaccine-effectiveness-4dose.git,main,c8564ffe8ea4a19a2d47671fd62d6ed3fd98888f
long-covid-historical-health,git@github.com:opensafely/long-covid-historical-health.git,main,69314c42972b5aa5f65ade3011845cd8d3717021
SRO-Measures,git@github.com:opensafely/SRO-Measures.git,main,fd91afc549caa932c8b6f6bef548212fd7bc55bc
